{
    "Trendvolgend (MA)": {
        "beschrijving": "MA50 boven MA200 en prijs boven MA50 (koop) of MA50 onder MA200 en prijs onder MA50 (verkoop).",
        "matches": [
            [
                "GME",
                28.558000564575195,
                null
            ],
            [
                "PLTR",
                129.77999877929688,
                null
            ],
            [
                "NET",
                156.28500366210938,
                null
            ],
            [
                "VRSN",
                281.3233947753906,
                null
            ],
            [
                "AVGO",
                229.02000427246094,
                null
            ]
        ],
        "verkoop_matches": [
            [
                "PACB",
                0.9646000266075134,
                null
            ],
            [
                "FCEL",
                3.9749999046325684,
                null
            ],
            [
                "AVTX",
                3.9600000381469727,
                null
            ],
            [
                "BYND",
                2.484999895095825,
                null
            ],
            [
                "PLUG",
                0.7196999788284302,
                null
            ]
        ],
        "best_price": 28.558000564575195,
        "best_verkoop_price": 3.9749999046325684
    }
}